{
	"camera" : 
	{
		"camera1_pitch" : -45,
		"camera1_roll" : 0,
		"camera1_x" : 5,
		"camera1_y" : 0,
		"camera1_yaw" : 0,
		"camera2_pitch" : -15,
		"camera2_roll" : 0,
		"camera2_x" : 5,
		"camera2_y" : 0,
		"camera2_yaw" : 30,
		"cx_1" : 335.92953284665424,
		"cx_2" : 345.0086235916385,
		"cy_1" : 259.6890777013084,
		"cy_2" : 240.49359692777608,
		"fx_1" : 1098.1227363936114,
		"fx_2" : 1112.0044724664117,
		"fy_1" : 1098.153144545257,
		"fy_2" : 1111.9177212309999,
		"k1_1" : -0.4550244202977209,
		"k1_2" : -0.08769870389000936,
		"k2_1" : 0.4038453193767969,
		"k2_2" : 0.142135482168924,
		"k3_1" : -0.8992229608632878,
		"k3_2" : 1.1339660440813253,
		"p1_1" : 0.0007078024996671062,
		"p1_2" : 0.00004259871596922560,
		"p2_1" : 0.000010500737279219284,
		"p2_2" : 0.000694674492,
		"roi_height_1" : 480,
		"roi_height_2" : 480,
		"roi_offset_x_1" : 0,
		"roi_offset_x_2" : 0,
		"roi_offset_y_1" : 0,
		"roi_offset_y_2" : 0,
		"roi_width_1" :640,
		"roi_width_2" : 640,
		"sn_1" : "RS0039001020",
		"sn_2" : "RT0070004017"
	},
	"config" : 
	{
		"camera_sn" : "NULL",
		"ignore_types" : 
		[
			"BE",
			"RE"
		],
		"log_send_target" : false,
		"save_labelled_boxes" : false,
		"save_mark" : false,
		"save_video" : true,
		"show_armor_box" : true,
		"show_class_id" : false,
		"show_energy" : false,
		"show_energy_extra" : false,
		"show_info" : false,
		"show_light_blobs" : false,
		"show_light_box" : false,
		"show_mcu_info" : false,
		"show_net_box" : false,
		"show_origin" : false,
		"show_pnp" : true,
		"show_process" : false,
		"uart_port" : "/dev/ttyUSB0",
		"use_pnp" : true,
		"use_video" : false,
		"video_path" : "video.mp4",
		"wait_uart" : false
	},
	"config_data" : 
	{
		"ARMOR_CAMERA_EXPOSURE" : 4000,
		"ARMOR_CAMERA_GAIN" : 30,
		"ENEMY_COLOR" : 0,
		"ENERGY_CAMERA_EXPOSURE" : 4000,
		"ENERGY_CAMERA_GAIN" : 5
	}
}
